CCachedRowSet,CachedRowSetImpl
MMeasureCalc,Query,X_PA_GoalRestriction,MGoalRestriction,X_PA_MeasureCalc
FTPClient,FTP,TelnetClient,Telnet,SocketClient,Configurable,MMediaServer,X_CM_Media_Server
X_A_RegistrationValue,MRegistrationValue
MMatchPO,X_M_MatchPO
X_AD_PrintFormatItem,MPrintFormatItem
X_M_CostUpdateLine,MCostUpdateLine
InvoiceNGL,X_T_InvoiceGL
X_AD_Field,MField
X_AD_Task,MTask,Task
DocWorkflowManager,DocWorkflowMgr
MCash,MCashBook,X_C_CashBook,X_C_Cash
MMovementConfirm,X_M_MovementLineConfirm,MMovementLineConfirm,X_M_MovementConfirm
MPOS,X_C_POS
X_AD_TreeNode,MTreeNode
MMovement,X_M_MovementLineMA,MMovementLineMA,X_M_MovementLine,MMovementLine,X_M_Movement
WebDoc,head,td
X_AD_ComponentUse,MComponentUse
X_C_AcctSchema_Element,MAcctSchemaElement
X_PA_Achievement,MAchievement
MTemplate,X_CM_Template
MContactInterest,MInterestArea,X_R_InterestArea,X_R_Source,MSource,X_R_ContactInterest
MInfoWindow,X_AD_InfoWindow
MRequestProcessor,X_R_RequestProcessor
MDistributionList,X_M_DistributionList
X_AD_PInstance,MPInstance
ImportOrder,X_I_Order
X_W_CounterCount,MCounterCount
X_M_AttributeUse,MAttributeUse
UIFieldVO,VO
X_A_RegistrationAttribute,MRegistrationAttribute
X_M_Product_Costing,MProductCosting
X_C_PaymentBatch,MPaymentBatch
X_M_DistributionListLine,MDistributionListLine,DistributionCreate
MAcctProcessor,CompiereProcessor,X_C_AcctProcessor
X_GL_Category,MGLCategory
X_S_ResourceUnAvailable,MResourceUnAvailable
X_M_ProductPrice,MProductPrice
MReportColumn,X_PA_ReportColumn
MRecurringRun,X_C_Recurring_Run
MCommission,X_C_Commission,CommissionCalc,X_C_CommissionLine,MCommissionLine
X_C_RfQ_Topic,MRfQTopic
body,PageEvents
MOrder,X_C_DocType,MDocType,X_C_Order,OrderPOCreate
X_K_IndexLog,MIndexLog
MOrderLine,ChangeVO,CLogger,OFX1ToXML,CompiereLogger,ResponseVO,X_C_OrderLine,InOutGenerate
MDunningRunEntry,X_C_DunningRunEntry
MOrderTax,X_C_OrderTax
MAttribute,X_M_AttributeValue,MAttributeValue,MAttributeInstance,X_M_AttributeInstance,X_M_Attribute
DeliveryAccuracy,SLACriteria,X_PA_SLA_Measure,MSLAMeasure,X_PA_SLA_Goal,SLAGoalProcess,MSLAGoal
X_AD_TreeNodePR,MTreeNodePR
MouseEvents,i,link,b,label,a,KeyEvents,h2,h1,FocusEvents,MultiPartElement,comment,script
MDataMigrationEntry,X_AD_DataMigrationEntry
ResultTableCellEditor,RColumn,MLookupFactory,RModelData,RModel,ResultTableCellRenderer,ResultTableModel
X_AD_Sequence,MSequence
X_R_StandardResponse,MStandardResponse
X_AD_Val_Rule,MValRule
MCost,X_M_CostElement,MAcctSchema,X_M_Product_Category_Acct,MProductCategoryAcct,X_C_AcctSchema,X_M_Cost,MCostDetail,X_AD_Client,MCostElement,X_M_CostDetail
X_AD_Form,MForm
MBPartnerInfo,X_RV_BPartner
WebUser,MLocation,MUser,X_C_BPartner,MBPartner,Util,MDocAction,MDocActionRule,X_C_BP_Group,MBPGroup,X_AD_User,WebLogin
X_CM_AccessProfile,MAccessProfile
MYear,X_C_Year
MJournalBatch,X_GL_JournalBatch
MMedia,X_CM_Media
BankStatementMatcher,MBankStatementMatcher,X_C_BankStatementMatcher,BankStatementMatchInfo
X_C_TaxPostal,MTaxPostal
MAdvertisement,MClickCount,X_W_ClickCount,X_W_Advertisement
MPaymentAllocate,X_C_PaymentAllocate
FinStatement,MElementValue,X_C_ElementValue,MReportTree
WebProjectDeploy,CacheHandler
X_C_AcctSchema_GL,MAcctSchemaGL
X_AD_TreeNodeCMM,MTreeNodeCMM
MBOMProduct,X_M_BOMProduct
ChangeLogProcess,MChangeLog,X_AD_Column,TableCreateColumns,X_AD_Element,M_Element,X_AD_Table,X_AD_ChangeLog
MUOMConversion,X_C_UOM_Conversion,MUOM,X_C_UOM
MLoginMsg,LoginMsgInterface,X_AD_LoginMsg
SinglePartElement,hr,img,br
X_T_ImpFormat,MTImpFormat
MRecurring,X_C_Recurring
X_AD_UserPreference,MUserPreference
X_A_Asset_Group,MAssetGroup
MMatchInv,X_M_MatchInv
X_C_TaxDeclaration,MTaxDeclaration
MBankStatement,X_C_BankAccount,MBankAccount,X_C_BankStatement
X_C_POSKey,MPOSKey
X_C_RfQResponse,RfQResponseRank,MRfQResponse
MRfQLineQty,X_C_RfQLineQty
GridWindow,th,GridWorkbench,p,MChat,X_CM_Chat
MDataMigration,X_AD_DataMigration
ImportInventory,X_I_Inventory
X_AD_TreeNodeMM,MTreeNodeMM
ComponentProduct,X_M_Product_PO,MProductPO,X_AD_ComponentReg,MComponentRegUpdate,X_AD_ComponentRegUpdate,MComponentReg
ReplicationLocal,ProcessInfoLog,MReplicationRun,X_AD_Replication_Run,X_AD_Replication_Log,MReplicationLog,Server,X_AD_Replication,MReplication,ProcessInfo,ReplicationRemote
ImportAccount,X_I_ElementValue
X_AD_User_Roles,MUserRoles
MCommissionDetail,X_C_CommissionDetail
X_AD_Tab,MTab
X_C_Charge,MCharge
Lookup,MAccountLookup,MLookup,MPAttributeLookup,MLocationLookup,GridField,Evaluator,GridFieldVO,FieldVO,FieldType
X_AD_LoginMsgLog,MLoginMsgLog
MNewsChannel,X_CM_NewsChannel
MProduct,ProductCost,X_M_Product_Category,MProductCategory,X_S_ResourceType,MResourceType,X_S_Resource,MResource,X_S_ExpenseType,MExpenseType,X_M_Product,BOMValidate
MProjectType,X_C_ProjectType
X_C_DocBaseType,MDocBaseType
X_AD_Menu,MMenu
VolumeTest,Ini
MAssetDelivery,X_A_Asset_Delivery
MWorkflowProcessor,X_AD_WorkflowProcessor
HttpMethodBase,EntityTypeRegister,X_AD_EntityType,MEntityType,ExpectContinueMethod,EntityEnclosingMethod,PostMethod,HttpMethod
MRfQResponseLineQty,RfQCreatePO,X_C_RfQResponseLineQty
MRequestAction,X_R_RequestAction
MInventory,X_M_Transaction,MTransaction,X_M_InventoryLineMA,MInventoryLineMA,X_M_InventoryLine,MInventoryLine,InventoryCountCreate,X_M_Inventory
MStorage,MWarehouse,X_M_Storage,StorageCleanup
MWorkflow,X_AD_WF_NodeNext,MWFNodeNext,MWFNextCondition,X_AD_WF_NextCondition,X_AD_WF_Node,MWFNode,TranslationTable,X_AD_Workflow
MPaySelectionCheck,X_C_PaySelection,MPaySelection,X_C_PaySelectionLine,PaySelectionCreateCheck,MPaySelectionLine,X_C_PaySelectionCheck
MSLACriteria,X_PA_SLA_Criteria
X_C_AcctSchema_Default,MAcctSchemaDefault,AcctSchemaDefaultCopy
MDataMigrationPreview,X_AD_DataMigrationPreview
MRfQResponseLine,X_C_RfQResponseLine
X_AD_UserQuery,MUserQuery
MLdapProcessor,X_AD_LdapAccess,MLdapAccess,X_AD_LdapProcessor,MLdapUser
LanguageMaintenance,X_AD_Language,MLanguage
MAsset,X_A_Asset
MRequest,MRefList,X_AD_Ref_List,X_R_RequestType,MRequestType,X_R_Group,MGroup,X_R_Status,MStatus,X_R_Request,MRequestUpdate,X_R_RequestUpdate
MReport,MReportColumnSet,X_PA_ReportColumnSet,MReportLineSet,X_PA_ReportLineSet,X_PA_Report
MImage,X_AD_Image
X_AD_Window,MWindow
MAllocationHdr,X_C_AllocationLine,MAllocationLine,X_C_AllocationHdr
X_AD_Form_Access,MFormAccess
X_AD_Org,BPartnerOrgLink,MOrg
X_W_Click,MClick
MCostUpdate,X_M_CostUpdate
MCashLine,X_C_CashLine
DunningPrint,ReportEngine,X_C_DunningLevel
X_AD_PrintColor,MPrintColor
X_C_Dunning,MDunning
MProductBOM,X_M_Product_BOM
X_AD_TreeNodeBP,MTreeNodeBP
ReplenishReport,X_M_Warehouse,X_T_Replenish
MMeasure,X_PA_Measure
UIFieldVOFactory,UIFieldVOFT
MCostQueue,X_M_CostQueue
MInOut,X_M_InOutLineMA,MInOutLineMA,X_M_InOutLine,MInOutLine,X_M_InOut
ImportBPartner,X_C_BPartner_Location,MBPartnerLocation,X_C_Location,Tax,X_C_Tax,MTax,X_I_BPartner
Callout,ImpFormatRow,ImpFormat
CompiereProcessorLog,MAcctProcessorLog,X_C_AcctProcessorLog,MLdapProcessorLog,X_AD_LdapProcessorLog,MRequestProcessorLog,X_R_RequestProcessorLog,MSchedulerLog,X_AD_SchedulerLog,MAlertProcessorLog,X_AD_AlertProcessorLog,MWorkflowProcessorLog,X_AD_WorkflowProcessorLog
Aging,X_T_Aging,MAging
RequestEntity,MultipartRequestEntity
Env,MigrateData,EnvConstants,MSchedule,X_AD_Schedule
X_M_LotCtl,MLotCtl
ImportPayment,X_I_Payment
MProject,X_C_Project
X_M_DiscountSchemaLine,MDiscountSchemaLine,PriceListCreate
HttpConnectionParams,DefaultHttpParams,HttpMethodParams,HttpParams
MReturnPolicy,X_M_ReturnPolicy
ImportLocator,X_I_Locator
MBankStatementLoader,OFXBankStatementHandler,SAXException,OFXFileBankStatementLoader,X_C_BankStatementLoader,LoadBankStatement,X_I_BankStatement,ImportBankStatement,X_C_BankStatementLine,MBankStatementLine,BankStatementLoaderInterface
Trx,AllocationReset
MInvoicePaySchedule,X_C_InvoicePaySchedule
X_AD_ReportView,MReportView
MPOSKeyLayout,X_C_POSKeyLayout
X_C_Country,MCountry
ColumnSync,CompiereUserException
X_C_BPartner_Product,MBPartnerProduct
X_C_TaxCategory,MTaxCategory
MLead,X_C_Lead
X_C_Currency,MCurrency,CalloutPayment
X_M_ProductionLine,MProductionLine
AssetDelivery,EMail,MUserMail,X_AD_UserMail,MMailText,X_R_MailText
MRfQTopicSubscriber,X_C_RfQ_TopicSubscriber
MCommissionRun,X_C_CommissionRun
ImportConversionRate,X_I_Conversion_Rate
UIWindow,UIWindowVO
X_AD_ClientInfo,MClientInfo
MProjectIssue,X_C_ProjectIssue,ProjectIssue
X_C_BP_Status,MBPStatus
X_C_RfQ_TopicSubscriberOnly,MRfQTopicSubscriberOnly
MCStage,X_CM_TemplateTable,X_CM_CStageTTable,X_CM_CStage
X_M_SerNoCtl,MSerNoCtl
MNewsItem,X_CM_NewsItem
MStore,X_W_Store
MPaySchedule,X_C_PaySchedule
UIWindowVOFactory,UIWindowVOFT
X_AD_Tree,MTree,TreeMaintenance
X_M_ReturnPolicyLine,MReturnPolicyLine
X_M_Locator,MLocator
MInvoice,X_C_InvoiceBatch,MInvoiceBatch,X_C_InvoiceTax,MInvoiceTax,X_C_InvoiceBatchLine,InvoiceBatchProcess,MInvoiceBatchLine,X_C_Invoice,MTaxDeclarationLine,X_C_TaxDeclarationLine
X_K_Category,MKCategory
MAd,X_CM_Ad
Ctx,GwtServerUtil,Evaluatee,GridTabVO,CalloutOrder,WebSessionCtx,DisplayType
MDunningRunLine,MConversionRate,X_C_Conversion_Rate,X_C_DunningRunLine
X_AD_ImpFormat,MImpFormat,CopyImportFormat
X_C_TaxDeclarationAcct,MTaxDeclarationAcct
MRfQLine,X_C_RfQLine,RfQCopyLines
MScheduler,X_AD_PInstance_Para,MPInstancePara,X_AD_Note,MAttachment,X_AD_Attachment,MNote,MProcess,X_AD_Process,MSchedulerPara,MProcessPara,X_AD_Process_Para,X_AD_Scheduler_Para,X_AD_Scheduler
X_PA_Hierarchy,MHierarchy
MGoal,X_PA_Goal
MCommissionAmt,X_C_CommissionAmt
Part,PartBase,StringPart,FilePart
MAlert,MAlertRecipient,X_AD_AlertRecipient,X_AD_Alert
MColor,CompiereColor,X_AD_Color
X_K_IndexStop,MIndexStop
FastByteArrayOutputStream,DeepCopy
ColumnEncryption,MColumn
X_CM_WebProject_Domain,MWebProjectDomain
UITab,UITabVO
MWarehousePrice,X_RV_WarehousePrice
X_C_ValidCombination,MAccount,MDistribution,MDistributionLine,X_GL_DistributionLine,X_GL_Distribution,AcctSchemaCopyAcct,MJournal,MPeriod,X_C_Period,X_GL_Journal
MPaymentTerm,X_C_PaymentTerm
MCalendar,X_C_Calendar
MAttributeSetInstance,X_M_Lot,MLot,MAttributeSet,X_M_AttributeSet,X_M_AttributeSetInstance
X_C_SalesRegion,MSalesRegion
MIndex,X_K_Index
X_S_TimeExpenseLine,ExpenseAPInvoice,ExpenseSOrder,MTimeExpenseLine
ImportInvoice,X_I_Invoice
MImpFormatRow,X_AD_ImpFormat_Row
ScheduleUtil,Language,Msg,TimeUtil,MFactAccumulation,X_Fact_Accumulation,MAssignmentSlot,X_S_ResourceAssignment,MResourceAssignment
MReportLine,MReportSource,X_PA_ReportSource,X_PA_ReportLine
X_AD_Role_OrgAccess,MRoleOrgAccess
X_AD_FieldGroup,MFieldGroup
TranslationMgr,Document,Element,ElementRegistry,GenericElement,ElementAttributes,ConcreteElement,HtmlCode,Attributes,TranslationHandler,Node,TranslationImportExport
MDunningRun,X_C_DunningRun
MChatEntry,X_CM_ChatEntry
MProjectPhase,X_C_Phase,MProjectTypePhase,X_C_ProjectPhase,ProjectPhaseGenOrder,X_C_ProjectTask,MProjectTask,X_C_Task,MProjectTypeTask
MInOutConfirm,X_M_InOutLineConfirm,MInOutLineConfirm,X_M_InOutConfirm
MProductDownload,X_M_ProductDownload
X_R_RequestProcessor_Route,MRequestProcessorRoute
X_C_BP_Relation,MBPRelation
MAlertProcessor,X_AD_AlertProcessor
DistributionRun,X_M_DistributionRun,MDistributionRun,MDistributionRunLine,X_M_DistributionRunLine,MDistributionRunDetail,X_T_DistributionRunDetail
MBank,BankVerificationInterface,X_C_Bank
MPriceListVersion,X_M_PriceList_Version
PeriodControlStatus,CacheMgt,X_C_PeriodControl,MPeriodControl
MWFActivity,MWFResponsible,X_AD_WF_Responsible,X_AD_OrgInfo,MOrgInfo,MWFNodePara,X_AD_WF_Node_Para,X_AD_WF_EventAudit,MWFEventAudit,DocAction,DocumentEngine,X_AD_WF_Activity
X_AD_InfoColumn,MInfoColumn
ImportInOutConfirm,X_I_InOutLineConfirm
X_C_ProjectLine,ProjectGenOrder,MProjectLine
MProductLocator,X_M_ProductLocator
MDiscountSchema,X_M_DiscountSchemaBreak,MDiscountSchemaBreak,X_M_DiscountSchema
ImportGLJournal,X_I_GLJournal
X_AD_WF_Block,MWFBlock
MRequisition,X_M_Requisition
MRegistration,X_A_Registration
X_AD_ComponentCreate,MComponentCreate
X_C_Withholding,MWithholding
MWebProject,X_CM_WebProject
X_C_Element,MElement
MDocTypeCounter,X_C_DocTypeCounter
MPayment,ProcessCall,MPaymentValidate,X_C_BP_BankAccount,MBPBankAccount,X_C_Payment,PP_PayFlowPro,PaymentProcessor,PP_PayPal,PP_Authorize,PP_Optimal,X_C_PaymentProcessor,MPaymentProcessor,BankStatementPayment,AllocationAuto
DB,ViewCreate,ASyncProcess,ASyncWorker,WebInfo,MSession,ImportRequest,X_I_Request
X_CM_ChatType,MChatType
X_AD_TreeNodeCMT,MTreeNodeCMT
MWFProcess,StateEngine,X_AD_WF_Process
MRequisitionLine,X_M_RequisitionLine,RequisitionPOCreate
RfQCreateSO,X_C_RfQ,MRfQ
UITabVOFactory,UITabVOFT
X_M_Shipper,MShipper
MMediaDeploy,X_CM_MediaDeploy
ViewImportFromDB,X_AD_ViewColumn,MViewColumn,X_AD_ViewComponent,MViewComponent
X_W_MailMsg,MMailMsg
CostUpdate,CompiereSystemException
RegisterSystem,X_AD_System,MSystem,X_AD_Registration,M_Registration
MStatusCategory,X_R_StatusCategory
X_AD_SchedulerRecipient,MSchedulerRecipient
X_Fact_Acct,MFactAcct
MPriceList,X_M_PriceList
MCampaign,X_C_Campaign
form,FormEvents,FileUpload
X_AD_TreeNodeCMS,MTreeNodeCMS
X_AD_TreeNodeCMC,MTreeNodeCMC
NamePair,KeyNamePair,ValueNamePair,GwtTest
X_M_PackageLine,MPackageLine
MIndexColumn,X_AD_IndexColumn
MTableIndex,X_AD_TableIndex
MJournalLine,X_GL_JournalLine
X_C_InvoiceSchedule,MInvoiceSchedule
MActivity,X_C_Activity
X_M_ChangeNotice,MChangeNotice
MInvoiceLine,X_C_LandedCostAllocation,MLandedCostAllocation,X_C_LandedCost,MLandedCost,X_C_InvoiceLine
MChangeRequest,X_M_ChangeRequest
X_AD_CtxArea,MCtxArea
X_AD_Private_Access,MPrivateAccess
ImportContact,X_I_Contact
MContainer,X_CM_CStage_Element,MCStageElement,X_CM_Container_Element,MContainerElement,X_CM_Container
X_AD_Workflow_Access,MWorkflowAccess
MPackage,X_M_Package
X_M_BOMAlternative,MBOMAlternative
X_R_Resolution,MResolution
X_R_Category,MRequestCategory
MTimeExpense,X_S_TimeExpense
X_AD_AlertRule,MAlertRule
X_PA_ColorSchema,MColorSchema
MBOM,X_M_BOM
X_CM_WikiToken,MWikiToken